Roofers Full Name As Stated In Salesforce,Pilot Program?,Wattage Tier 1,Price per watt 1,Wattage Tier 2,Price per watt 2,Wattage Tier 3,Price per watt 3,Wattage Tier 4,Price per watt 4,Template Message,Price per Square,Roofer State,Notes,Adjustments,Roofer Specific Guidelines,Proposal SKUs,Approved for TS,Bulk Partner,Product + Design
1st Class Roofing Inc,YES,6120,3.7,8280,3.5,14400,3.4,54000,3.4,"Use the template ""TS Template""",4977,FL,Converts to $3.50/W,,FLORIDA Partner - ONLY USE TL SR Laminate Shingle v1b,FLORIDA Partner - ONLY USE TL SR Laminate Shingle v1b,Y,N,N
3MG,YES,6120,3.7,8280,3.5,14400,3.4,54000,3.4,"Use the template ""TS Template""",4977,FL,Converts to $3.50/W,,FLORIDA Partner - ONLY USE TL SR Laminate Shingle v1b,FLORIDA Partner - ONLY USE TL SR Laminate Shingle v1b,Y,N,N
4 Seasons,YES,6120,3.7,8280,3.5,14400,3.4,54000,3.4,"DECOTECH ONLY - close this file and use the Decotech proposal tool - use the template ""DECOTECH Template""",4977,,Converts to $3.50/W,,No unique requirements,No Changes Needed,N,N,N
A Crown Roofing,YES,6120,3.7,8280,3.5,14400,3.4,54000,3.4,"DECOTECH ONLY - close this file and use the Decotech proposal tool - use the template ""DECOTECH Template""",4977,,Converts to $3.50/W,,No unique requirements,No Changes Needed,N,N,N
A First Choice Roofing,YES,6120,3.7,8280,3.5,14400,3.4,54000,3.4,"DECOTECH ONLY - close this file and use the Decotech proposal tool - use the template ""DECOTECH Template""",4977,,Converts to $3.50/W,,No unique requirements,No Changes Needed,N,N,N
A Sterling Roof,YES,6120,3.7,8280,3.5,14400,3.4,54000,3.4,"DECOTECH ONLY - close this file and use the Decotech proposal tool - use the template ""DECOTECH Template""",4977,TX,Converts to $3.50/W,,No unique requirements,No Changes Needed,N,N,N
A TEX Roofing & Remodeling Inc,YES,6120,3.7,8280,3.5,14400,3.4,54000,3.4,"DECOTECH ONLY - close this file and use the Decotech proposal tool - use the template ""DECOTECH Template""",4977,,Converts to $3.50/W,,No unique requirements,No Changes Needed,N,N,N
A+ Roofing and Siding Co.,YES,6120,3.7,8280,3.5,14400,3.4,54000,3.4,"DECOTECH ONLY - close this file and use the Decotech proposal tool - use the template ""DECOTECH Template""",4977,,Converts to $3.50/W,,No unique requirements,No Changes Needed,N,N,N
A1 Roofing,YES,6120,3.7,8280,3.5,14400,3.4,54000,3.4,"Use the template ""TS Template""",4977,NY,Converts to $3.50/W,,No unique requirements,No Changes Needed,Y,N,N
Above Board Construction & Roofing,YES,6120,3.7,8280,3.5,14400,3.4,54000,3.4,"Use the template ""TS Template""",4977,CA,Converts to $3.50/W,,P+D Partner - Quote SKU's require additional data entry,P+D Partner - ADD - Design Services - REMOVE - Timberline Solar Services,Y,N,Y
Acker Roofing Inc,YES,6120,3.7,8280,3.5,14400,3.4,54000,3.4,"DECOTECH ONLY - close this file and use the Decotech proposal tool - use the template ""DECOTECH Template""",4977,,Converts to $3.50/W,,No unique requirements,No Changes Needed,N,N,N
Acme roofing,YES,6120,3.7,8280,3.5,14400,3.4,54000,3.4,"DECOTECH ONLY - close this file and use the Decotech proposal tool - use the template ""DECOTECH Template""",4977,,Converts to $3.50/W,,No unique requirements,No Changes Needed,N,N,N
Acorn Home Improvements Inc,YES,6120,3.7,8280,3.5,14400,3.4,54000,3.4,"DECOTECH ONLY - close this file and use the Decotech proposal tool - use the template ""DECOTECH Template""",4977,,Converts to $3.50/W,,No unique requirements,No Changes Needed,N,N,N
Affordable Roofing,YES,6120,3.7,8280,3.5,14400,3.4,54000,3.4,"DECOTECH ONLY - close this file and use the Decotech proposal tool - use the template ""DECOTECH Template""",4977,,Converts to $3.50/W,,No unique requirements,No Changes Needed,N,N,N
Affordable Roofing Services,YES,6120,3.7,8280,3.5,14400,3.4,54000,3.4,"DECOTECH ONLY - close this file and use the Decotech proposal tool - use the template ""DECOTECH Template""",4977,,Converts to $3.50/W,,No unique requirements,No Changes Needed,N,N,N
All Trades Roofing & Construction,YES,6120,3.7,8280,3.5,14400,3.4,54000,3.4,"DECOTECH ONLY - close this file and use the Decotech proposal tool - use the template ""DECOTECH Template""",4977,,Converts to $3.50/W,,No unique requirements,No Changes Needed,N,N,N
All Weather Exteriors LLC,YES,6120,3.7,8280,3.5,14400,3.4,54000,3.4,"DECOTECH ONLY - close this file and use the Decotech proposal tool - use the template ""DECOTECH Template""",4977,,Converts to $3.50/W,,No unique requirements,No Changes Needed,N,N,N
Alliance Roofing & Exteriors,YES,6120,3.7,8280,3.5,14400,3.4,54000,3.4,"DECOTECH ONLY - close this file and use the Decotech proposal tool - use the template ""DECOTECH Template""",4977,,Converts to $3.50/W,,No unique requirements,No Changes Needed,N,N,N
Allied Building Materials,YES,6120,3.7,8280,3.5,14400,3.4,54000,3.4,"DECOTECH ONLY - close this file and use the Decotech proposal tool - use the template ""DECOTECH Template""",4977,,Converts to $3.50/W,,No unique requirements,No Changes Needed,N,N,N
Allstate Roofing & More LLC,YES,6120,3.7,8280,3.5,14400,3.4,54000,3.4,"DECOTECH ONLY - close this file and use the Decotech proposal tool - use the template ""DECOTECH Template""",4977,,Converts to $3.50/W,,No unique requirements,No Changes Needed,N,N,N
Alpha Omega Construction Group Inc,YES,6120,3.7,8280,3.5,14400,3.4,54000,3.4,"Use the template ""TS Template""",4977,NC,Converts to $3.50/W,,No unique requirements,No Changes Needed,Y,N,N
Alpha Omega Construction Grp of Charlotte,YES,6120,3.7,8280,3.5,14400,3.4,54000,3.4,"Use the template ""TS Template""",4977,NC,Converts to $3.50/W,,No unique requirements,No Changes Needed,Y,N,N
Alpha Omega Construction Grp of Raleigh,YES,6120,3.7,8280,3.5,14400,3.4,54000,3.4,"Use the template ""TS Template""",4977,NC,Converts to $3.50/W,,No unique requirements,No Changes Needed,Y,N,N
American Home Contractors Inc (MD),YES,6120,3.7,8280,3.5,14400,3.4,54000,3.4,"Use the template ""TS Template""",4977,,Converts to $3.50/W,,No unique requirements,No Changes Needed,Y,N,N
American Home Contractors Inc (NJ),YES,6120,3.7,8280,3.5,14400,3.4,54000,3.4,"DECOTECH ONLY - close this file and use the Decotech proposal tool - use the template ""DECOTECH Template""",4977,,Converts to $3.50/W,,No unique requirements,No Changes Needed,N,N,N
ANBE Roofing,YES,4300,3.75,6120,3.5,8280,3.5,54000,3.5,"DECOTECH ONLY - close this file and use the Decotech proposal tool - use the template ""DECOTECH Template""",4977,CA,Converts to $3.50/W,,No unique requirements,No Changes Needed,N,N,N
Andrew's Roofing Company,YES,6120,3.7,8280,3.5,14400,3.4,54000,3.4,"DECOTECH ONLY - close this file and use the Decotech proposal tool - use the template ""DECOTECH Template""",4977,,Converts to $3.50/W,,No unique requirements,No Changes Needed,N,N,N
Arrowhead Homes,YES,6120,3.7,8280,3.5,14400,3.4,54000,3.4,"DECOTECH ONLY - close this file and use the Decotech proposal tool - use the template ""DECOTECH Template""",4977,,Converts to $3.50/W,,No unique requirements,No Changes Needed,N,N,N
Arry's Roofing Services Inc,YES,6120,3.75,8280,3.75,14400,3.75,54000,3.75,"Use the template ""TS Template""",5332.5,FL,Converts to $3.75/W,,FLORIDA Partner - ONLY USE TL SR Laminate Shingle v1b,FLORIDA Partner - ONLY USE TL SR Laminate Shingle v1b,Y,N,N
Ashmen Installations Inc,YES,6120,3.7,8280,3.5,14400,3.4,54000,3.4,"DECOTECH ONLY - close this file and use the Decotech proposal tool - use the template ""DECOTECH Template""",4977,,Converts to $3.50/W,,No unique requirements,No Changes Needed,N,N,N
Assurance Residential Inc,YES,6120,3.7,8280,3.5,14400,3.4,54000,3.4,"DECOTECH ONLY - close this file and use the Decotech proposal tool - use the template ""DECOTECH Template""",4977,,Converts to $3.50/W,,No unique requirements,No Changes Needed,N,N,N
Austin Roofing & Construction,YES,6120,3.5,8280,3.5,14400,3.5,54000,3.5,"Use the template ""TS Template""",4977,TX,Converts to $3.50/W,JKarsnia requested default pricing to be adjusted to 3.50/W on 2/18/22,No unique requirements,No Changes Needed,Y,N,N
Authority Roofing LLC,YES,6120,3.7,8280,3.5,14400,3.4,54000,3.4,"DECOTECH ONLY - close this file and use the Decotech proposal tool - use the template ""DECOTECH Template""",4977,,Converts to $3.50/W,,No unique requirements,No Changes Needed,N,N,N
AVI Roofing,YES,6120,3.7,8280,3.5,14400,3.4,54000,3.4,"Use the template ""TS Template""",4977,CO,Converts to $3.50/W,,No unique requirements,No Changes Needed,Y,N,N
B&W Roofing Inc,YES,6120,4.5,8280,4.5,14400,4.5,54000,4.5,"Use the template ""TS Template""",6399,NY,Converts to $4.50/W,,Bulk Partner - Quote SKU's require additional data entry,Bulk Partner - CHANGE - Energy Shingle Sales Price = $0 - ADD - Solar Flashings & Electronics (1 W) SKU - QTY = System size in W,Y,Y,N
Bachman's Roofing Building & Remodeling,YES,6120,3.7,8280,3.5,14400,3.4,54000,3.4,"Use the template ""TS Template""",4977,PA,Converts to $3.50/W,,No unique requirements,No Changes Needed,Y,N,N
Baird Roofing,YES,6120,3.7,8280,3.5,14400,3.4,54000,3.4,"DECOTECH ONLY - close this file and use the Decotech proposal tool - use the template ""DECOTECH Template""",4977,,Converts to $3.50/W,,No unique requirements,No Changes Needed,N,N,N
"Baker Electric, Inc.",YES,6120,3.7,8280,3.5,14400,3.4,54000,3.4,"Use the template ""TS Template""",4977,CA,Converts to $3.50/W,,P+D Partner - Quote SKU's require additional data entry,P+D Partner - ADD - Design Services - REMOVE - Timberline Solar Services,Y,N,Y
Baldwin Roofing Company,YES,6120,3.7,8280,3.5,14400,3.4,54000,3.4,"Use the template ""TS Template""",4977,FL,Converts to $3.50/W,,FLORIDA Partner - ONLY USE TL SR Laminate Shingle v1b,FLORIDA Partner - ONLY USE TL SR Laminate Shingle v1b,Y,N,N
Bay Valley Roofing,YES,6120,4.25,8280,4.25,14400,4.25,54000,4.25,"Use the template ""TS Template""",6043.5,CA,Converts to $4.25/W,Troble requested default pricing to be adjusted to 4.25/W on 2.23.22,No unique requirements,No Changes Needed,Y,N,N
Beacon Solar,YES,6120,3.7,8280,3.5,14400,3.4,54000,3.4,"DECOTECH ONLY - close this file and use the Decotech proposal tool - use the template ""DECOTECH Template""",4977,,Converts to $3.50/W,,No unique requirements,No Changes Needed,N,N,N
Benjamin Brothers Construction Inc,YES,6120,3.7,8280,3.5,14400,3.4,54000,3.4,"DECOTECH ONLY - close this file and use the Decotech proposal tool - use the template ""DECOTECH Template""",4977,,Converts to $3.50/W,,No unique requirements,No Changes Needed,N,N,N
BFARR Contracting,YES,6120,3.7,8280,3.5,14400,3.4,54000,3.4,"Use the template ""TS Template""",4977,FL,Converts to $3.50/W,,FLORIDA Partner - ONLY USE TL SR Laminate Shingle v1b,FLORIDA Partner - ONLY USE TL SR Laminate Shingle v1b,Y,N,N
Big Bear Roofing,YES,6120,3.7,8280,3.5,14400,3.4,54000,3.4,"Use the template ""TS Template""",4977,NC,Converts to $3.50/W,,No unique requirements,No Changes Needed,Y,N,N
Billings Construction Group Inc,YES,6120,3.7,8280,3.5,14400,3.4,54000,3.4,"Use the template ""TS Template""",4977,OK,Converts to $3.50/W,,No unique requirements,No Changes Needed,Y,N,N
Binghamton Slag Roofing,YES,6120,3.7,8280,3.5,14400,3.4,54000,3.4,"DECOTECH ONLY - close this file and use the Decotech proposal tool - use the template ""DECOTECH Template""",4977,,Converts to $3.50/W,,No unique requirements,No Changes Needed,N,N,N
Blue Collar Roofers,YES,6120,3.7,8280,3.5,14400,3.4,54000,3.4,"DECOTECH ONLY - close this file and use the Decotech proposal tool - use the template ""DECOTECH Template""",4977,,Converts to $3.50/W,,No unique requirements,No Changes Needed,N,N,N
Blue Nail LLC,YES,6120,3.7,8280,3.5,14400,3.4,54000,3.4,"Use the template ""TS Template""",4977,NJ,Converts to $3.50/W,,P+D Partner - Quote SKU's require additional data entry,P+D Partner - ADD - Design Services - REMOVE - Timberline Solar Services,Y,N,Y
Bob & Jerry Roofing,YES,6120,3.7,8280,3.5,14400,3.4,54000,3.4,"DECOTECH ONLY - close this file and use the Decotech proposal tool - use the template ""DECOTECH Template""",4977,,Converts to $3.50/W,,No unique requirements,No Changes Needed,N,N,N
Boss Roofing and Siding,YES,6120,3.7,8280,3.5,14400,3.4,54000,3.4,"DECOTECH ONLY - close this file and use the Decotech proposal tool - use the template ""DECOTECH Template""",4977,,Converts to $3.50/W,,No unique requirements,No Changes Needed,N,N,N
Brea Roofing,YES,6120,3.5,8280,3.5,14400,3.5,54000,3.5,"DECOTECH ONLY - close this file and use the Decotech proposal tool - use the template ""DECOTECH Template""",4977,CA,Converts to $3.50/W,,No unique requirements,No Changes Needed,N,N,N
Brightside Roofing,YES,6120,3.7,8280,3.5,14400,3.4,54000,3.4,"Use the template ""TS Template""",4977,,Converts to $3.50/W,,No unique requirements,No Changes Needed,Y,N,N
Brinkmann Roofing,YES,6120,3.5,8280,3.5,14400,3.5,54000,3.5,"Use the template ""TS Template""",5688,TX,Converts to $3.75/W,TRoble requested update to change pricing to $4/W on 4/26/22,No unique requirements,No Changes Needed,Y,N,N
BSW Roofing Contractors,YES,6120,3.7,8280,3.5,14400,3.4,54000,3.4,"DECOTECH ONLY - close this file and use the Decotech proposal tool - use the template ""DECOTECH Template""",4977,CA,Converts to $3.50/W,,No unique requirements,No Changes Needed,N,N,N
BYLTup,YES,6120,3.7,8280,3.5,14400,3.4,54000,3.5,"Use the template ""TS Template""",4977,CA,Converts to $3.50/W,,No unique requirements,No Changes Needed,Y,N,N
California Roofs,YES,6120,3.7,8280,3.5,14400,3.4,54000,3.4,"DECOTECH ONLY - close this file and use the Decotech proposal tool - use the template ""DECOTECH Template""",4977,,Converts to $3.50/W,,No unique requirements,No Changes Needed,N,N,N
CalPro,YES,6120,3.7,8280,3.5,14400,3.4,54000,3.4,"DECOTECH ONLY - close this file and use the Decotech proposal tool - use the template ""DECOTECH Template""",4977,,Converts to $3.50/W,,No unique requirements,No Changes Needed,N,N,N
Cal-Vintage Roofing Co Inc,YES,6120,3.75,8280,3.75,14400,3.75,54000,3.75,"Use the template ""TS Template""",5332.5,CA,Converts to $3.75/W,Kcool requested update to change pricing across all tiers to $3.75/W on 11/4/21,No unique requirements,No Changes Needed,Y,N,N
Carlson Solar Energy,YES,6120,3.7,8280,3.5,14400,3.4,54000,3.4,"DECOTECH ONLY - close this file and use the Decotech proposal tool - use the template ""DECOTECH Template""",4977,,Converts to $3.50/W,,No unique requirements,No Changes Needed,N,N,N
Carolina Roofing & Vinyl Siding LLC,YES,6120,0,8280,0,14400,0,54000,0,"Use the template ""TS Template""",0,NC,$0 value to be shown as of 2/9/22,,No unique requirements,No Changes Needed,Y,N,N
Carroll Bradford Inc,YES,6120,3.7,8280,3.5,14400,3.4,54000,3.4,"Use the template ""TS Template""",4977,FL,Converts to $3.50/W,,FLORIDA Partner - ONLY USE TL SR Laminate Shingle v1b,FLORIDA Partner - ONLY USE TL SR Laminate Shingle v1b,Y,N,N
Castle Roofing & Construction,YES,6120,3.7,8280,3.5,14400,3.4,54000,3.4,"DECOTECH ONLY - close this file and use the Decotech proposal tool - use the template ""DECOTECH Template""",4977,,Converts to $3.50/W,,No unique requirements,No Changes Needed,N,N,N
Cazeault Solar and Home,YES,6120,3.7,8280,3.5,14400,3.4,54000,3.4,"DECOTECH ONLY - close this file and use the Decotech proposal tool - use the template ""DECOTECH Template""",4977,,Converts to $3.50/W,,No unique requirements,No Changes Needed,N,N,N
Central Florida Roofing,YES,6120,3.7,8280,3.5,14400,3.4,54000,3.4,"DECOTECH ONLY - close this file and use the Decotech proposal tool - use the template ""DECOTECH Template""",4977,FL,Converts to $3.50/W,,FLORIDA Partner - ONLY USE TL SR Laminate Shingle v1b,FLORIDA Partner - ONLY USE TL SR Laminate Shingle v1b,N,N,N
Certified Roofers and General Contractors Inc.,YES,6120,3.7,8280,3.5,14400,3.4,54000,3.4,"DECOTECH ONLY - close this file and use the Decotech proposal tool - use the template ""DECOTECH Template""",4977,,Converts to $3.50/W,,No unique requirements,No Changes Needed,N,N,N
Certified Roofing Specialists Inc,YES,6120,3.7,8280,3.5,14400,3.4,54000,3.4,"Use the template ""TS Template""",4977,CA,Converts to $3.50/W,,No unique requirements,No Changes Needed,Y,N,N
Chandler's Roofing,YES,6120,3.75,8280,3.75,14400,3.75,54000,3.75,"Use the template ""TS Template""",5332.5,CA,Converts to $3.75/W,Troy Roble requested update to change pricing across all tiers to $3.75/W on 2/2/22,No unique requirements,No Changes Needed,Y,N,N
Charles Copley Roofing Inc,YES,6120,3.7,8280,3.5,14400,3.4,54000,3.4,"DECOTECH ONLY - close this file and use the Decotech proposal tool - use the template ""DECOTECH Template""",4977,,Converts to $3.50/W,,No unique requirements,No Changes Needed,N,N,N
Classic Construction,YES,6120,3.7,8280,3.5,14400,3.4,54000,3.4,"Use the template ""TS Template""",4977,FL,Converts to $3.50/W,,FLORIDA Partner - ONLY USE TL SR Laminate Shingle v1b,FLORIDA Partner - ONLY USE TL SR Laminate Shingle v1b,Y,N,N
Clean Roofing,YES,6120,3.7,8280,3.5,14400,3.4,54000,3.4,"Use the template ""TS Template""",4977,CA,Converts to $3.50/W,,No unique requirements,No Changes Needed,Y,N,N
Complete Exteriors,YES,6120,3.7,8280,3.5,14400,3.4,54000,3.4,"Use the template ""TS Template""",4977,MS,Converts to $3.50/W,,P+D Partner - Quote SKU's require additional data entry,P+D Partner - ADD - Design Services - REMOVE - Timberline Solar Services,Y,N,Y
Copp Roofing & Construction Inc,YES,6120,4,8280,4,14400,4,54000,4,"Use the template ""TS Template""",5688,CA,Converts to $4/W,Kcool requested update to change pricing across all tiers to $4.00/W on 11/3/21,No unique requirements,No Changes Needed,Y,N,N
Core Contractors Inc,YES,6120,3.7,8280,3.5,14400,3.4,54000,3.4,"Use the template ""TS Template""",4977,CO,Converts to $3.50/W,,No unique requirements,No Changes Needed,Y,N,N
Crandall Roofing Inc,YES,6120,3.75,8280,3.75,14400,3.75,54000,3.75,"Use the template ""TS Template""",5332.5,CA,Converts to $3.75/W,Kcool requested update to change pricing across all tiers to $3.75/W on 7/1/21,No unique requirements,No Changes Needed,Y,N,N
Crown Construction,YES,6120,3.7,8280,3.5,14400,3.4,54000,3.4,"DECOTECH ONLY - close this file and use the Decotech proposal tool - use the template ""DECOTECH Template""",4977,,Converts to $3.50/W,,No unique requirements,No Changes Needed,N,N,N
DaBella Exteriors LLC,YES,6120,4.25,8280,4.25,14400,4.25,54000,4.25,"Use the template ""TS Template""",6043.5,CA,Converts to $4.25/W,Troble requested update to change pricing to $4.25/W on 4/1/22,No unique requirements,No Changes Needed,Y,N,N
"Dan Hanell Construction, Inc.",YES,6120,3.7,8280,3.5,14400,3.4,54000,3.4,"DECOTECH ONLY - close this file and use the Decotech proposal tool - use the template ""DECOTECH Template""",4977,,Converts to $3.50/W,,No unique requirements,No Changes Needed,N,N,N
Davis Roofing,YES,6120,3.5,8280,3.5,14400,3.5,54000,3.5,"Use the template ""TS Template""",4977,,Converts to $3.50/W,,No unique requirements,No Changes Needed,Y,N,N
DePalma Construction,YES,6120,3.7,8280,3.5,14400,3.4,54000,3.4,"DECOTECH ONLY - close this file and use the Decotech proposal tool - use the template ""DECOTECH Template""",4977,,Converts to $3.50/W,,No unique requirements,No Changes Needed,N,N,N
Divided Sky Construction,YES,6120,3.6,8280,3.6,14400,3.6,54000,3.6,"Use the template ""TS Template""",5119.2,TX,Converts to $3.60/W,Troy Roble requested update to change pricing across all tiers to $3.60/W on 2/22/22,No unique requirements,No Changes Needed,Y,N,N
Dreamstyle Remodeling Inc,YES,6120,3.7,8280,3.5,14400,3.4,54000,3.4,"Use the template ""TS Template""",4977,CA,Converts to $3.50/W,,No unique requirements,No Changes Needed,Y,N,N
EC Roofing,YES,6120,3.7,8280,3.5,14400,3.4,54000,3.4,"DECOTECH ONLY - close this file and use the Decotech proposal tool - use the template ""DECOTECH Template""",4977,,Converts to $3.50/W,,No unique requirements,No Changes Needed,N,N,N
Eco Home Expert,YES,6120,3.7,8280,3.5,14400,3.4,54000,3.4,"DECOTECH ONLY - close this file and use the Decotech proposal tool - use the template ""DECOTECH Template""",4977,,Converts to $3.50/W,,No unique requirements,No Changes Needed,N,N,N
Einix Construction,YES,6120,3.7,8280,3.5,14400,3.4,54000,3.4,"DECOTECH ONLY - close this file and use the Decotech proposal tool - use the template ""DECOTECH Template""",4977,,Converts to $3.50/W,,No unique requirements,No Changes Needed,N,N,N
Elevate - confirm roofer account name,YES,6120,3.7,8280,3.5,14400,3.4,54000,3.4,"DECOTECH ONLY - close this file and use the Decotech proposal tool - use the template ""DECOTECH Template""",4977,,Converts to $3.50/W,Upcoming TS Roofer,No unique requirements,No Changes Needed,N,N,N
Elite Roofing,YES,6120,3.5,8280,3.5,14400,3.5,54000,3.5,"Use the template ""TS Template""",4977,NC,Converts to $3.50/W,Jkarsnia requested update to change pricing to $3.50/W on 2/17/22,No unique requirements,No Changes Needed,Y,N,N
Elite Roofing & Solar,YES,6120,0,8280,0,14400,0,54000,0,"Use the template ""TS Template""",0,NC,$0 value to be shown as of 2/9/22,,No unique requirements,No Changes Needed,Y,N,N
Elite Roofing and Contracting,YES,6120,0,8280,0,14400,0,54000,0,"Use the template ""TS Template""",0,NC,$0 value to be shown as of 2/9/22,,No unique requirements,No Changes Needed,Y,N,N
Elite Roofing and Solar Solutions,YES,6120,3.7,8280,3.5,14400,3.4,54000,3.4,"DECOTECH ONLY - close this file and use the Decotech proposal tool - use the template ""DECOTECH Template""",4977,CA,Converts to $3.50/W,,No unique requirements,No Changes Needed,N,N,N
Emmaty Renovation & Outdoor Services,YES,6120,3.7,8280,3.5,14400,3.4,54000,3.4,"DECOTECH ONLY - close this file and use the Decotech proposal tool - use the template ""DECOTECH Template""",4977,,Converts to $3.50/W,,No unique requirements,No Changes Needed,N,N,N
EMT Renewables,YES,6120,3.7,8280,3.5,14400,3.4,54000,3.4,"DECOTECH ONLY - close this file and use the Decotech proposal tool - use the template ""DECOTECH Template""",4977,,Converts to $3.50/W,,No unique requirements,No Changes Needed,N,N,N
Energy Roofing,YES,6120,3.7,8280,3.5,14400,3.4,54000,3.4,"DECOTECH ONLY - close this file and use the Decotech proposal tool - use the template ""DECOTECH Template""",4977,,Converts to $3.50/W,,No unique requirements,No Changes Needed,N,N,N
FairClaims Roofing & Construction,YES,6120,3.7,8280,3.5,14400,3.4,54000,3.4,"Use the template ""TS Template""",5332.5,TX,Converts to $3.75/W,TRoble requested update to change pricing to $3.75/W on 4/26/22,No unique requirements,No Changes Needed,Y,N,N
Feazel Inc.,YES,6120,3.7,8280,3.5,14400,3.4,54000,3.4,"Use the template ""TS Template""",4977,PA,Converts to $3.50/W,,No unique requirements,No Changes Needed,Y,N,N
Feazel Roofing,YES,6120,3.7,8280,3.5,14400,3.4,54000,3.4,"Use the template ""TS Template""",4977,PA,Converts to $3.50/W,,No unique requirements,No Changes Needed,Y,N,N
Fields Roofing,YES,6120,3.7,8280,3.5,14400,3.4,54000,3.4,"DECOTECH ONLY - close this file and use the Decotech proposal tool - use the template ""DECOTECH Template""",4977,,Converts to $3.50/W,,No unique requirements,No Changes Needed,N,N,N
Floridian Roofing & Solar,YES,6120,3.7,8280,3.5,14400,3.4,54000,3.4,"DECOTECH ONLY - close this file and use the Decotech proposal tool - use the template ""DECOTECH Template""",4977,FL,Converts to $3.50/W,,FLORIDA Partner - ONLY USE TL SR Laminate Shingle v1b,FLORIDA Partner - ONLY USE TL SR Laminate Shingle v1b,N,N,N
Formula Roofing & Remodeling,YES,6120,3.5,8280,3.5,14400,3.5,54000,3.5,"Use the template ""TS Template""",4977,CO,Converts to $3.50/W,JKarsnia requested default pricing to be adjusted to 3.50/W on 2/18/22,No unique requirements,No Changes Needed,Y,N,N
Frank J Tucek & Son Inc,YES,6120,3.7,8280,3.5,14400,3.4,54000,3.4,"DECOTECH ONLY - close this file and use the Decotech proposal tool - use the template ""DECOTECH Template""",4977,,Converts to $3.50/W,,No unique requirements,No Changes Needed,N,N,N
Freedom Roofing & Construction,YES,6120,3.7,8280,3.5,14400,3.4,54000,3.4,"DECOTECH ONLY - close this file and use the Decotech proposal tool - use the template ""DECOTECH Template""",4977,,Converts to $3.50/W,,No unique requirements,No Changes Needed,N,N,N
G. Fedale,YES,6120,3.7,8280,3.5,14400,3.4,54000,3.4,"Use the template ""TS Template""",4977,MD,Converts to $3.50/W,,No unique requirements,No Changes Needed,Y,N,N
GAF Energy,YES,6120,3.7,8280,3.5,14400,3.4,54000,3.4,"Use the template ""TS Template""",4977,,Converts to $3.50/W,,No unique requirements,No Changes Needed,Y,N,N
GAF Energy New Home,YES,6120,3.7,8280,3.5,14400,3.4,54000,3.4,"Use the template ""TS Template""",4977,,Converts to $3.50/W,,No unique requirements,No Changes Needed,Y,N,N
Galaxy Home Energy,YES,6120,3.7,8280,3.5,14400,3.4,54000,3.4,"DECOTECH ONLY - close this file and use the Decotech proposal tool - use the template ""DECOTECH Template""",4977,,Converts to $3.50/W,,No unique requirements,No Changes Needed,N,N,N
Golden Group Construction Corp,YES,6120,3.7,8280,3.5,14400,3.4,54000,3.4,"DECOTECH ONLY - close this file and use the Decotech proposal tool - use the template ""DECOTECH Template""",4977,,Converts to $3.50/W,,No unique requirements,No Changes Needed,N,N,N
Graves Bros Home Improvement,YES,6120,3.7,8280,3.5,14400,3.4,54000,3.4,"Use the template ""TS Template""",4977,PA,Converts to $3.50/W,,No unique requirements,No Changes Needed,Y,N,N
Green Day Power,YES,6120,3.7,8280,3.5,14400,3.4,54000,3.4,"DECOTECH ONLY - close this file and use the Decotech proposal tool - use the template ""DECOTECH Template""",4977,,Converts to $3.50/W,,No unique requirements,No Changes Needed,N,N,N
"Green Star Exteriors, LLC",YES,6120,3.7,8280,3.5,14400,3.4,54000,3.4,"Use the template ""TS Template""",4977,MD,Converts to $3.50/W,,No unique requirements,No Changes Needed,Y,N,N
Green Tree Home Solutions LLC,YES,6120,3.7,8280,3.5,14400,3.4,54000,3.4,"DECOTECH ONLY - close this file and use the Decotech proposal tool - use the template ""DECOTECH Template""",4977,,Converts to $3.50/W,,No unique requirements,No Changes Needed,N,N,N
Greenlancer,YES,6120,3.7,8280,3.5,14400,3.4,54000,3.4,"DECOTECH ONLY - close this file and use the Decotech proposal tool - use the template ""DECOTECH Template""",4977,,Converts to $3.50/W,,No unique requirements,No Changes Needed,N,N,N
GreenTek Property Solutions LLC,YES,6120,3.7,8280,3.5,14400,3.4,54000,3.4,"DECOTECH ONLY - close this file and use the Decotech proposal tool - use the template ""DECOTECH Template""",4977,,Converts to $3.50/W,,No unique requirements,No Changes Needed,N,N,N
Greenway Roofing,YES,6120,3.7,8280,3.5,14400,3.4,54000,3.4,"DECOTECH ONLY - close this file and use the Decotech proposal tool - use the template ""DECOTECH Template""",4977,,Converts to $3.50/W,,No unique requirements,No Changes Needed,N,N,N
Gregor Roofing,YES,6120,3.7,8280,3.5,14400,3.4,54000,3.4,"Use the template ""TS Template""",4977,PA,Converts to $3.50/W,,No unique requirements,No Changes Needed,Y,N,N
GroupXL,YES,6120,3.7,8280,3.5,14400,3.4,54000,3.4,"DECOTECH ONLY - close this file and use the Decotech proposal tool - use the template ""DECOTECH Template""",4977,,Converts to $3.50/W,,No unique requirements,No Changes Needed,N,N,N
Guardian Roofs & Energy Solution,YES,6120,3.7,8280,3.5,14400,3.4,54000,3.4,"Use the template ""TS Template""",4977,CA,Converts to $3.50/W,,No unique requirements,No Changes Needed,Y,N,N
Gulf Coast Roofing,YES,6120,3.7,8280,3.5,14400,3.4,54000,3.4,"DECOTECH ONLY - close this file and use the Decotech proposal tool - use the template ""DECOTECH Template""",4977,FL,Converts to $3.50/W,,FLORIDA Partner - ONLY USE TL SR Laminate Shingle v1b,FLORIDA Partner - ONLY USE TL SR Laminate Shingle v1b,N,N,N
Gulf States Contractor Services Inc,YES,6120,3.7,8280,3.5,14400,3.4,54000,3.4,"DECOTECH ONLY - close this file and use the Decotech proposal tool - use the template ""DECOTECH Template""",4977,FL,Converts to $3.50/W,,FLORIDA Partner - ONLY USE TL SR Laminate Shingle v1b,FLORIDA Partner - ONLY USE TL SR Laminate Shingle v1b,N,N,N
H&R Roofing,YES,6120,3.7,8280,3.5,14400,3.4,54000,3.4,"DECOTECH ONLY - close this file and use the Decotech proposal tool - use the template ""DECOTECH Template""",4977,,Converts to $3.50/W,,No unique requirements,No Changes Needed,N,N,N
Haan Roofing & Construction,YES,6120,3.7,8280,3.5,14400,3.4,54000,3.4,"DECOTECH ONLY - close this file and use the Decotech proposal tool - use the template ""DECOTECH Template""",4977,,Converts to $3.50/W,,No unique requirements,No Changes Needed,N,N,N
Hannah Construction,YES,6120,3.7,8280,3.5,14400,3.4,54000,3.4,"DECOTECH ONLY - close this file and use the Decotech proposal tool - use the template ""DECOTECH Template""",4977,,Converts to $3.50/W,,No unique requirements,No Changes Needed,N,N,N
Hershey Exteriors,YES,6120,3.7,8280,3.5,14400,3.4,54000,3.4,"DECOTECH ONLY - close this file and use the Decotech proposal tool - use the template ""DECOTECH Template""",4977,,Converts to $3.50/W,,No unique requirements,No Changes Needed,N,N,N
Herzog Roofing Inc,YES,6120,3.7,8280,3.5,14400,3.4,54000,3.4,"DECOTECH ONLY - close this file and use the Decotech proposal tool - use the template ""DECOTECH Template""",4977,,Converts to $3.50/W,,No unique requirements,No Changes Needed,N,N,N
High Tower Roofing,YES,6120,3.7,8280,3.5,14400,3.4,54000,3.4,"DECOTECH ONLY - close this file and use the Decotech proposal tool - use the template ""DECOTECH Template""",4977,,Converts to $3.50/W,,No unique requirements,No Changes Needed,N,N,N
Home Pro - Professional Home Improvement Inc.,YES,6120,3.7,8280,3.5,14400,3.4,54000,3.4,"DECOTECH ONLY - close this file and use the Decotech proposal tool - use the template ""DECOTECH Template""",4977,,Converts to $3.50/W,,No unique requirements,No Changes Needed,N,N,N
Homefix Custom Remodeling,YES,6120,0,8280,0,14400,0,54000,0,"Use the template ""TS Template""",0,MD,Converts to $3.50/W,Bluckett requested updated to change pricing to $0/W on 3/23/22,No unique requirements,No Changes Needed,Y,N,N
Ideal Property Solutions Inc,YES,6120,3.7,8280,3.5,14400,3.4,54000,3.4,"DECOTECH ONLY - close this file and use the Decotech proposal tool - use the template ""DECOTECH Template""",4977,,Converts to $3.50/W,,No unique requirements,No Changes Needed,N,N,N
Immaculate Roofing Co Inc,YES,6120,3.6,8280,3.6,14400,3.6,54000,3.6,"Use the template ""TS Template""",5119.2,CA,Converts to $3.60/W,,No unique requirements,No Changes Needed,Y,N,N
Infinity Energy,YES,6120,3.7,8280,3.5,14400,3.4,54000,3.4,"DECOTECH ONLY - close this file and use the Decotech proposal tool - use the template ""DECOTECH Template""",4977,,Converts to $3.50/W,,No unique requirements,No Changes Needed,N,N,N
Integrity Roofing & Exteriors LLC,YES,6120,3.7,8280,3.5,14400,3.4,54000,3.4,"DECOTECH ONLY - close this file and use the Decotech proposal tool - use the template ""DECOTECH Template""",4977,,Converts to $3.50/W,,No unique requirements,No Changes Needed,N,N,N
Interstate Roofing Inc,YES,6120,3.75,8280,3.75,14400,3.75,54000,3.75,"Use the template ""TS Template""",5332.5,CO,Converts to $3.75/W,,No unique requirements,No Changes Needed,Y,N,N
iRestore STL LLC,YES,6120,3.7,8280,3.5,14400,3.4,54000,3.4,"DECOTECH ONLY - close this file and use the Decotech proposal tool - use the template ""DECOTECH Template""",4977,,Converts to $3.50/W,,No unique requirements,No Changes Needed,N,N,N
JAM Roofing,YES,6120,3.7,8280,3.5,14400,3.4,54000,3.4,"DECOTECH ONLY - close this file and use the Decotech proposal tool - use the template ""DECOTECH Template""",4977,CA,Converts to $3.50/W,,No unique requirements,No Changes Needed,N,N,N
Ja-Mar Roofing & Sheet Metal,YES,6120,3.5,8280,3.5,14400,3.5,54000,3.5,"Use the template ""TS Template""",4977,TX,Converts to $3.50/W,JKarsnia requested default pricing to be adjusted to 3.50/W on 2/18/22,No unique requirements,No Changes Needed,Y,N,N
James Kate Roofing & Construction,YES,6120,3.95,8280,3.95,14400,3.95,54000,3.95,"Use the template ""TS Template""",5616.9,CA,Converts to $3.50/W,Kcool requested update to change pricing to $3.95/W on 3/23/22,No unique requirements,No Changes Needed,Y,N,N
Jarhead Construction Inc,YES,6120,3.7,8280,3.5,14400,3.4,54000,3.4,"DECOTECH ONLY - close this file and use the Decotech proposal tool - use the template ""DECOTECH Template""",4977,,Converts to $3.50/W,,No unique requirements,No Changes Needed,N,N,N
Jenkins Roofing,YES,6120,3.5,8280,3.5,14400,3.5,54000,3.5,"Use the template ""TS Template""",4977,TX,Converts to $3.50/W,JKarsnia requested default pricing to be adjusted to 3.50/W on 2/18/22,No unique requirements,No Changes Needed,Y,N,N
JI Roofing,YES,6120,3.7,8280,3.5,14400,3.4,54000,3.4,"DECOTECH ONLY - close this file and use the Decotech proposal tool - use the template ""DECOTECH Template""",4977,,Converts to $3.50/W,,No unique requirements,No Changes Needed,N,N,N
JK Endeavor,YES,6120,3.7,8280,3.5,14400,3.4,54000,3.4,"DECOTECH ONLY - close this file and use the Decotech proposal tool - use the template ""DECOTECH Template""",4977,,Converts to $3.50/W,,No unique requirements,No Changes Needed,N,N,N
JM Test Prod Roofing,YES,6120,3.7,8280,3.5,14400,3.4,54000,3.4,"DECOTECH ONLY - close this file and use the Decotech proposal tool - use the template ""DECOTECH Template""",4977,,Converts to $3.50/W,,No unique requirements,No Changes Needed,N,N,N
Jobe Roofing Company,YES,6120,4,8280,4,14400,4,54000,4,"Use the template ""TS Template""",5688,CA,Converts to $3.50/W,Alesem requested update to change pricing to $4.00/W on 3/4/22,No unique requirements,No Changes Needed,Y,N,N
Joe Ochoa Roofing,YES,6120,3.7,8280,3.5,14400,3.4,54000,3.4,"Use the template ""TS Template""",5332.5,TX,Converts to $3.75/W,TRoble requested update to change pricing to $3.75/W on 4/26/22,No unique requirements,No Changes Needed,Y,N,N
Joyland Roofing,YES,6120,3.7,8280,3.5,14400,3.4,54000,3.4,"DECOTECH ONLY - close this file and use the Decotech proposal tool - use the template ""DECOTECH Template""",4977,,Converts to $3.50/W,,No unique requirements,No Changes Needed,N,N,N
K Reed Roofing,YES,6120,3.7,8280,3.5,14400,3.4,54000,3.4,"DECOTECH ONLY - close this file and use the Decotech proposal tool - use the template ""DECOTECH Template""",4977,CA,Converts to $3.50/W,,No unique requirements,No Changes Needed,N,N,N
Kanga Roof,YES,6120,3.75,8280,3.75,14400,3.75,54000,3.75,"Use the template ""TS Template""",5332.5,TX,Converts to $3.75/W,Jkarsnia requested update to change pricing to $3.75/W on 3/14/22,No unique requirements,No Changes Needed,Y,N,N
Kanga Roofing,YES,6120,3.75,8280,3.75,14400,3.75,54000,3.75,"Use the template ""TS Template""",5332.5,TX,Converts to $3.75/W,Jkarsnia requested update to change pricing to $3.75/W on 3/14/22,No unique requirements,No Changes Needed,Y,N,N
Kapili Construction,YES,6120,3.7,8280,3.5,14400,3.4,54000,3.4,"Use the template ""TS Template""",4977,HI,Converts to $3.50/W,,P+D Partner - Quote SKU's require additional data entry,P+D Partner - ADD - Design Services - REMOVE - Timberline Solar Services,Y,N,Y
Keystone Contracting LLC,YES,6120,3.7,8280,3.5,14400,3.4,54000,3.4,"DECOTECH ONLY - close this file and use the Decotech proposal tool - use the template ""DECOTECH Template""",4977,,Converts to $3.50/W,,No unique requirements,No Changes Needed,N,N,N
Kidd Roofing,YES,6120,3.75,8280,3.75,14400,3.75,54000,3.75,"Use the template ""TS Template""",5332.5,TX,Converts to $3.75/W,Troble requested default pricing to be adjusted to 3.75/W on 2.28.22,No unique requirements,No Changes Needed,Y,N,N
Kidd-Luukko Roofing,YES,6120,3.7,8280,3.5,14400,3.4,54000,3.4,"DECOTECH ONLY - close this file and use the Decotech proposal tool - use the template ""DECOTECH Template""",4977,,Converts to $3.50/W,,No unique requirements,No Changes Needed,N,N,N
King Quality Construction Inc,YES,6120,0,8280,0,14400,0,54000,0,"Use the template ""TS Template""",0,NY,,Jkarsnia requested update to change pricing to $0/W on 2/17/22,No unique requirements,No Changes Needed,Y,N,N
Kingdom Roofing,YES,6120,3.7,8280,3.5,14400,3.4,54000,3.4,"DECOTECH ONLY - close this file and use the Decotech proposal tool - use the template ""DECOTECH Template""",4977,,Converts to $3.50/W,,No unique requirements,No Changes Needed,N,N,N
Knox Roofing,YES,6120,3.7,8280,3.5,14400,3.4,54000,3.4,"DECOTECH ONLY - close this file and use the Decotech proposal tool - use the template ""DECOTECH Template""",4977,,Converts to $3.50/W,,No unique requirements,No Changes Needed,N,N,N
Lakeshore Builders Restoration,YES,6120,3.7,8280,3.5,14400,3.4,54000,3.4,"DECOTECH ONLY - close this file and use the Decotech proposal tool - use the template ""DECOTECH Template""",4977,,Converts to $3.50/W,,No unique requirements,No Changes Needed,N,N,N
Legacy Roofing,YES,6120,3.7,8280,3.5,14400,3.4,54000,3.4,"Use the template ""TS Template""",4977,UT,Converts to $3.50/W,,P+D Partner - Quote SKU's require additional data entry,P+D Partner - ADD - Design Services - REMOVE - Timberline Solar Services,Y,N,Y
Legend Exteriors & Construction,YES,6120,3.7,8280,3.5,14400,3.4,54000,3.4,"DECOTECH ONLY - close this file and use the Decotech proposal tool - use the template ""DECOTECH Template""",4977,,Converts to $3.50/W,,No unique requirements,No Changes Needed,N,N,N
Liberty Solar,YES,6120,3.7,8280,3.5,14400,3.4,54000,3.4,"DECOTECH ONLY - close this file and use the Decotech proposal tool - use the template ""DECOTECH Template""",4977,,Converts to $3.50/W,,No unique requirements,No Changes Needed,N,N,N
Lindus Construction Inc,YES,6120,3.7,8280,3.5,14400,3.4,54000,3.4,"DECOTECH ONLY - close this file and use the Decotech proposal tool - use the template ""DECOTECH Template""",4977,,Converts to $3.50/W,,No unique requirements,No Changes Needed,N,N,N
Long Construction NY LLC,YES,6120,3.7,8280,3.5,14400,3.4,54000,3.4,"DECOTECH ONLY - close this file and use the Decotech proposal tool - use the template ""DECOTECH Template""",4977,NY,Converts to $3.50/W,,No unique requirements,No Changes Needed,N,N,N
Los Gatos Roofing,YES,6120,3.7,8280,3.5,14400,3.4,54000,3.4,"DECOTECH ONLY - close this file and use the Decotech proposal tool - use the template ""DECOTECH Template""",4977,,Converts to $3.50/W,,No unique requirements,No Changes Needed,N,N,N
"Lyndsey Roofing, LLC",YES,6120,3.7,8280,3.5,14400,3.4,54000,3.4,"Use the template ""TS Template""",4977,NY,Converts to $3.50/W,,No unique requirements,No Changes Needed,Y,N,N
Marcor Construction Solar,YES,6120,3.7,8280,3.5,14400,3.4,54000,3.4,"DECOTECH ONLY - close this file and use the Decotech proposal tool - use the template ""DECOTECH Template""",4977,,Converts to $3.50/W,,No unique requirements,No Changes Needed,N,N,N
Mark Anthony Construction and Roofing,YES,6120,3.7,8280,3.5,14400,3.4,54000,3.4,"Use the template ""TS Template""",4977,CA,Converts to $3.50/W,,No unique requirements,No Changes Needed,Y,N,N
Mark Kaufman Roofing,YES,6120,3.7,8280,3.5,14400,3.4,54000,3.4,"DECOTECH ONLY - close this file and use the Decotech proposal tool - use the template ""DECOTECH Template""",4977,,Converts to $3.50/W,,No unique requirements,No Changes Needed,N,N,N
Marshall Exteriors LLC,YES,6120,3.7,8280,3.5,14400,3.4,54000,3.4,"Use the template ""TS Template""",4977,NY,Converts to $3.50/W,,No unique requirements,No Changes Needed,Y,N,N
Master Craft Roofing,YES,6120,0,8280,0,14400,0,54000,0,"Use the template ""TS Template""",0,CA,Converts to $3.50/W,Alesem requested update to change pricing to $0/W on 3/24/22,No unique requirements,No Changes Needed,Y,N,N
Master Roof Inc,YES,6120,3.7,8280,3.5,14400,3.4,54000,3.4,"DECOTECH ONLY - close this file and use the Decotech proposal tool - use the template ""DECOTECH Template""",4977,,Converts to $3.50/W,,No unique requirements,No Changes Needed,N,N,N
Mastercraft Roofing,YES,6120,3.7,8280,3.5,14400,3.4,54000,3.4,"Use the template ""TS Template""",4977,CA,Converts to $3.50/W,,No unique requirements,No Changes Needed,Y,N,N
Maven Roofing & Solar,YES,6120,0,8280,0,14400,0,54000,0,"DECOTECH ONLY - close this file and use the Decotech proposal tool - use the template ""DECOTECH Template""",0,NC,$0 value to be shown as of 2/9/22,,No unique requirements,No Changes Needed,N,N,N
McCormack Roofing Co,YES,6120,4.5,8280,4.5,14400,4.5,54000,4.5,"Use the template ""TS Template""",6399,CA,Al Lesem requested update to change pricing across all tiers to $4.50/W on 1/19/22,,No unique requirements,No Changes Needed,Y,N,N
McMurray & Sons Inc,YES,6120,3.7,8280,3.5,14400,3.4,54000,3.4,"DECOTECH ONLY - close this file and use the Decotech proposal tool - use the template ""DECOTECH Template""",4977,,Converts to $3.50/W,,No unique requirements,No Changes Needed,N,N,N
MD Roofing & Coating LLC,YES,6120,3.7,8280,3.5,14400,3.4,54000,3.4,"Use the template ""TS Template""",4977,MD,Converts to $3.50/W,,Bulk Partner - Quote SKU's require additional data entry,Bulk Partner - CHANGE - Energy Shingle Sales Price = $0 - ADD - Solar Flashings & Electronics (1 W) SKU - QTY = System size in W,Y,Y,N
Meredith Home improvements,YES,6120,3.7,8280,3.5,14400,3.4,54000,3.4,"Use the template ""TS Template""",4977,PA,Converts to $3.50/W,,No unique requirements,No Changes Needed,Y,N,N
Meyers Pride Roofing,YES,6120,3.7,8280,3.5,14400,3.4,54000,3.4,"DECOTECH ONLY - close this file and use the Decotech proposal tool - use the template ""DECOTECH Template""",4977,,Converts to $3.50/W,,No unique requirements,No Changes Needed,N,N,N
MGS Construction,YES,6120,3.7,8280,3.5,14400,3.4,54000,3.4,"DECOTECH ONLY - close this file and use the Decotech proposal tool - use the template ""DECOTECH Template""",4977,,Converts to $3.50/W,,No unique requirements,No Changes Needed,N,N,N
MHX Designs,YES,6120,3.7,8280,3.5,14400,3.4,54000,3.4,"Use the template ""TS Template""",4977,PA,Converts to $3.50/W,,No unique requirements,No Changes Needed,Y,N,N
MHX Roofing,YES,6120,3.7,8280,3.5,14400,3.4,54000,3.4,"DECOTECH ONLY - close this file and use the Decotech proposal tool - use the template ""DECOTECH Template""",4977,PA,Converts to $3.50/W,Upcoming TS Roofer,No unique requirements,No Changes Needed,N,N,N
Michael C. Graham & Son Construction,YES,6120,3.7,8280,3.5,14400,3.4,54000,3.4,"Use the template ""TS Template""",4977,NY,Converts to $3.50/W,,P+D and BULK Partner - Quote SKU's require additional data entry,P+D and BULK Partner - ADD - Design Services - REMOVE - Timberline Solar Services - CHANGE - Energy Shingle Sales Price = $0 - ADD - Solar Flashings & Electronics (1 W) SKU - QTY = System size in W,Y,Y,Y
Millard Roofing,YES,6120,3.7,8280,3.5,14400,3.4,54000,3.4,"DECOTECH ONLY - close this file and use the Decotech proposal tool - use the template ""DECOTECH Template""",4977,,Converts to $3.50/W,,No unique requirements,No Changes Needed,N,N,N
Mitchell Roofïng Company LLC,YES,6120,3.7,8280,3.5,14400,3.4,54000,3.4,"DECOTECH ONLY - close this file and use the Decotech proposal tool - use the template ""DECOTECH Template""",4977,,Converts to $3.50/W,,No unique requirements,No Changes Needed,N,N,N
Moctezuma Roofing Inc,YES,6120,3.7,8280,3.5,14400,3.4,54000,3.4,"DECOTECH ONLY - close this file and use the Decotech proposal tool - use the template ""DECOTECH Template""",4977,CA,Converts to $3.50/W,,No unique requirements,No Changes Needed,N,N,N
Modern Method Roofing Co,YES,6120,3.9,8280,3.9,14400,3.9,54000,3.9,"Use the template ""TS Template""",5545.8,CA,Converts to $3.90/W,,No unique requirements,No Changes Needed,Y,N,N
Monarch Roofing,YES,6120,3.7,8280,3.5,14400,3.4,54000,3.4,"Use the template ""TS Template""",0,SC,,Jkarsnia requested update to change pricing to $0/W on 2/17/22,Bulk Partner - Quote SKU's require additional data entry,Bulk Partner - CHANGE - Energy Shingle Sales Price = $0 - ADD - Solar Flashings & Electronics (1 W) SKU - QTY = System size in W,Y,Y,N
Monarch Solar,YES,6120,0,8280,0,14400,0,54000,0,"DECOTECH ONLY - close this file and use the Decotech proposal tool - use the template ""DECOTECH Template""",0,NC,$0 value to be shown as of 2/9/22,,No unique requirements,No Changes Needed,N,N,N
Moonworks,YES,6120,3.7,8280,3.5,14400,3.4,54000,3.4,"DECOTECH ONLY - close this file and use the Decotech proposal tool - use the template ""DECOTECH Template""",4977,,Converts to $3.50/W,,No unique requirements,No Changes Needed,N,N,N
Mr. Roof,YES,6120,3.7,8280,3.5,14400,3.4,54000,3.4,"DECOTECH ONLY - close this file and use the Decotech proposal tool - use the template ""DECOTECH Template""",4977,,Converts to $3.50/W,,No unique requirements,No Changes Needed,N,N,N
"Neumann Construction & Roofing, LLCI",YES,6120,3.7,8280,3.5,14400,3.4,54000,3.4,"DECOTECH ONLY - close this file and use the Decotech proposal tool - use the template ""DECOTECH Template""",4977,,Converts to $3.50/W,,No unique requirements,No Changes Needed,N,N,N
New South Roofing,YES,6120,3.7,8280,3.5,14400,3.4,54000,3.4,"DECOTECH ONLY - close this file and use the Decotech proposal tool - use the template ""DECOTECH Template""",4977,,Converts to $3.50/W,,No unique requirements,No Changes Needed,N,N,N
Northside Company Inc,YES,6120,3.7,8280,3.5,14400,3.4,54000,3.4,"DECOTECH ONLY - close this file and use the Decotech proposal tool - use the template ""DECOTECH Template""",4977,,Converts to $3.50/W,,No unique requirements,No Changes Needed,N,N,N
Nushake Roofing & Solar,YES,6120,3.75,8280,3.75,14400,3.75,54000,3.75,"Use the template ""TS Template""",5332.5,CA,Converts to $3.75/W,Troy Roble requested update to change pricing across all tiers to $3.75/W on 1/28/22,No unique requirements,No Changes Needed,Y,N,N
O'Leary Construction,YES,6120,3.7,8280,3.5,14400,3.4,54000,3.4,"DECOTECH ONLY - close this file and use the Decotech proposal tool - use the template ""DECOTECH Template""",4977,,Converts to $3.50/W,,No unique requirements,No Changes Needed,N,N,N
Orbit Energy & Power,YES,6120,3.7,8280,3.5,14400,3.4,54000,3.4,"DECOTECH ONLY - close this file and use the Decotech proposal tool - use the template ""DECOTECH Template""",4977,,Converts to $3.50/W,,No unique requirements,No Changes Needed,N,N,N
Page Roofing,YES,6120,3.5,8280,3.5,14400,3.5,54000,3.5,"DECOTECH ONLY - close this file and use the Decotech proposal tool - use the template ""DECOTECH Template""",4977,CA,Converts to $3.50/W,,No unique requirements,No Changes Needed,N,N,N
Panda Roof,YES,6120,3.7,8280,3.5,14400,3.4,54000,3.4,"DECOTECH ONLY - close this file and use the Decotech proposal tool - use the template ""DECOTECH Template""",4977,,Converts to $3.50/W,,No unique requirements,No Changes Needed,N,N,N
Peak Roofing Contractors Inc,YES,6120,3.7,8280,3.5,14400,3.4,54000,3.4,"Use the template ""TS Template""",4977,VA,Converts to $3.50/W,,No unique requirements,No Changes Needed,Y,N,N
Pisgah Roofing And Restoration,YES,6120,3.7,8280,3.5,14400,3.4,54000,3.4,"DECOTECH ONLY - close this file and use the Decotech proposal tool - use the template ""DECOTECH Template""",4977,,Converts to $3.50/W,,No unique requirements,No Changes Needed,N,N,N
PosiGen,YES,6120,3.7,8280,3.5,14400,3.4,54000,3.4,"DECOTECH ONLY - close this file and use the Decotech proposal tool - use the template ""DECOTECH Template""",4977,,Converts to $3.50/W,,No unique requirements,No Changes Needed,N,N,N
Powerhouse Home Improvement Inc,YES,6120,3.7,8280,3.5,14400,3.4,54000,3.4,"DECOTECH ONLY - close this file and use the Decotech proposal tool - use the template ""DECOTECH Template""",4977,,Converts to $3.50/W,,No unique requirements,No Changes Needed,N,N,N
Premier Roofing,YES,6120,3.7,8280,3.5,14400,3.4,54000,3.4,"Use the template ""TS Template""",4977,CO,Converts to $3.50/W,,No unique requirements,No Changes Needed,Y,N,N
Premier Roofing Company,YES,6120,3.7,8280,3.5,14400,3.4,54000,3.4,"Use the template ""TS Template""",4977,CO,Converts to $3.50/W,,No unique requirements,No Changes Needed,Y,N,N
Premiere Roofing & Carpentry,YES,6120,3.7,8280,3.5,14400,3.4,54000,3.4,"DECOTECH ONLY - close this file and use the Decotech proposal tool - use the template ""DECOTECH Template""",4977,,Converts to $3.50/W,,No unique requirements,No Changes Needed,N,N,N
Premium Roofing Systems,YES,6120,3.7,8280,3.5,14400,3.4,54000,3.4,"DECOTECH ONLY - close this file and use the Decotech proposal tool - use the template ""DECOTECH Template""",4977,,Converts to $3.50/W,,No unique requirements,No Changes Needed,N,N,N
Pro Nail,YES,6120,3.8,8280,3.8,14400,3.8,54000,3.8,"Use the template ""TS Template""",5403.6,TX,Converts to $3.80/W,Tuna requested update to change pricing to $3.80/W 5/27/22,No unique requirements,No Changes Needed,Y,N,N
Pro Quality Construction Inc,YES,6120,3.7,8280,3.5,14400,3.4,54000,3.4,"DECOTECH ONLY - close this file and use the Decotech proposal tool - use the template ""DECOTECH Template""",4977,,Converts to $3.50/W,,No unique requirements,No Changes Needed,N,N,N
Pro Resto,YES,6120,3.7,8280,3.5,14400,3.4,54000,3.4,"DECOTECH ONLY - close this file and use the Decotech proposal tool - use the template ""DECOTECH Template""",4977,,Converts to $3.50/W,,No unique requirements,No Changes Needed,N,N,N
ProCare Solutions,YES,6120,3.7,8280,3.5,14400,3.4,54000,3.4,"DECOTECH ONLY - close this file and use the Decotech proposal tool - use the template ""DECOTECH Template""",4977,,Converts to $3.50/W,,No unique requirements,No Changes Needed,N,N,N
PROCO Roofing,YES,6120,3.7,8280,3.5,14400,3.4,54000,3.4,"Use the template ""TS Template""",5332.5,TX,Converts to $3.75/W,TRoble requested update to change pricing to $3.75/W on 4/26/22,No unique requirements,No Changes Needed,Y,N,N
ProNail Roofing & Solar,YES,6120,4.3,8280,4.3,14400,4.3,54000,4.3,"Use the template ""TS Template""",6114.6,TX,Converts to $4.30/W,Kcool requested update to change pricing to $4.3/W,No unique requirements,No Changes Needed,Y,N,N
PRQ Exteriors,YES,6120,3.7,8280,3.5,14400,3.4,54000,3.4,"Use the template ""TS Template""",4977,CO,Converts to $3.50/W,,No unique requirements,No Changes Needed,Y,N,N
R E Roofing & Construction Inc,YES,6120,3.7,8280,3.5,14400,3.4,54000,3.4,"Use the template ""TS Template""",4977,CA,Converts to $3.50/W,,No unique requirements,No Changes Needed,Y,N,N
R3 Construction LLC.,YES,6120,3.7,8280,3.5,14400,3.4,54000,3.4,"DECOTECH ONLY - close this file and use the Decotech proposal tool - use the template ""DECOTECH Template""",4977,,Converts to $3.50/W,,No unique requirements,No Changes Needed,N,N,N
Rainier Roofing LLC,YES,6120,3.7,8280,3.5,14400,3.4,54000,3.4,"DECOTECH ONLY - close this file and use the Decotech proposal tool - use the template ""DECOTECH Template""",4977,,Converts to $3.50/W,,No unique requirements,No Changes Needed,N,N,N
Rainy Day Roofing,YES,6120,3.7,8280,3.5,14400,3.4,54000,3.4,"Use the template ""TS Template""",4977,CA,Converts to $3.50/W,,No unique requirements,No Changes Needed,Y,N,N
Rebuild America,YES,6120,3.7,8280,3.5,14400,3.4,54000,3.4,"Use the template ""TS Template""",4977,NY,Converts to $3.50/W,,Bulk Partner - Quote SKU's require additional data entry,Bulk Partner - CHANGE - Energy Shingle Sales Price = $0 - ADD - Solar Flashings & Electronics (1 W) SKU - QTY = System size in W,Y,Y,N
Reliant Roofers,YES,6120,3.7,8280,3.5,14400,3.4,54000,3.4,"DECOTECH ONLY - close this file and use the Decotech proposal tool - use the template ""DECOTECH Template""",4977,FL,Converts to $3.50/W,,FLORIDA Partner - ONLY USE TL SR Laminate Shingle v1b,FLORIDA Partner - ONLY USE TL SR Laminate Shingle v1b,N,N,N
Remedy Roofing Inc,YES,6120,3.75,8280,3.75,14400,3.75,54000,3.75,"Use the template ""TS Template""",5332.5,TX,Converts to $3.75/W,TRoble requested update to change pricing to $3.75/W on 4/26/22,No unique requirements,No Changes Needed,Y,N,N
Resnick Roofing & Contracting,YES,6120,3.7,8280,3.5,14400,3.4,54000,3.4,"Use the template ""TS Template""",4977,PA,Converts to $3.50/W,,No unique requirements,No Changes Needed,Y,N,N
Restoration Builders Inc.,YES,6120,3.5,8280,3.5,14400,3.5,54000,3.5,"Use the template ""TS Template""",4977,TX,Converts to $3.50/W,JKarsnia requested default pricing to be adjusted to 3.50/W on 2/18/22,No unique requirements,No Changes Needed,Y,N,N
Ridge Top,YES,6120,3.7,8280,3.5,14400,3.4,54000,3.4,"Use the template ""TS Template""",4977,FL,Converts to $3.50/W,,FLORIDA Partner - ONLY USE TL SR Laminate Shingle v1b,FLORIDA Partner - ONLY USE TL SR Laminate Shingle v1b,Y,N,N
RidgeTop Exteriors,YES,6120,3.7,8280,3.5,14400,3.4,54000,3.4,"Use the template ""TS Template""",4977,FL,Converts to $3.50/W,,FLORIDA Partner - ONLY USE TL SR Laminate Shingle v1b,FLORIDA Partner - ONLY USE TL SR Laminate Shingle v1b,Y,N,N
Rising Sun Solar,YES,6120,3.7,8280,3.5,14400,3.4,54000,3.4,"DECOTECH ONLY - close this file and use the Decotech proposal tool - use the template ""DECOTECH Template""",4977,HI,Converts to $3.50/W,,No unique requirements,No Changes Needed,N,N,N
River City Roofing Co Inc,YES,6120,3.7,8280,3.5,14400,3.4,54000,3.4,"DECOTECH ONLY - close this file and use the Decotech proposal tool - use the template ""DECOTECH Template""",4977,,Converts to $3.50/W,,No unique requirements,No Changes Needed,N,N,N
Roman Roofing Inc,YES,6120,3.7,8280,3.5,14400,3.4,54000,3.4,"Use the template ""TS Template""",4977,FL,Converts to $3.50/W,,FLORIDA Partner - ONLY USE TL SR Laminate Shingle v1b,FLORIDA Partner - ONLY USE TL SR Laminate Shingle v1b,Y,N,N
Roof Check Inc,YES,6120,3.7,8280,3.5,14400,3.4,54000,3.4,"Use the template ""TS Template""",4977,CO,Converts to $3.50/W,,No unique requirements,No Changes Needed,Y,N,N
Roof Fix,YES,6120,4.3,8280,4.3,14400,4.3,54000,4.3,"Use the template ""TS Template""",6114.6,TX,Converts to $4.30/W,,P+D Partner - Quote SKU's require additional data entry,P+D Partner - ADD - Design Services - REMOVE - Timberline Solar Services,Y,N,Y
Roof it Right,YES,6120,3.7,8280,3.5,14400,3.4,54000,3.4,"DECOTECH ONLY - close this file and use the Decotech proposal tool - use the template ""DECOTECH Template""",4977,,Converts to $3.50/W,,No unique requirements,No Changes Needed,N,N,N
Roof Recovery,YES,6120,3.7,8280,3.5,14400,3.4,54000,3.4,"DECOTECH ONLY - close this file and use the Decotech proposal tool - use the template ""DECOTECH Template""",4977,,Converts to $3.50/W,,No unique requirements,No Changes Needed,N,N,N
Roof Simple Inc.,YES,6120,3.7,8280,3.5,14400,3.4,54000,3.4,"DECOTECH ONLY - close this file and use the Decotech proposal tool - use the template ""DECOTECH Template""",4977,,Converts to $3.50/W,,No unique requirements,No Changes Needed,N,N,N
Roof Smith,YES,6120,3.7,8280,3.5,14400,3.4,54000,3.4,"DECOTECH ONLY - close this file and use the Decotech proposal tool - use the template ""DECOTECH Template""",4977,,Converts to $3.50/W,,No unique requirements,No Changes Needed,N,N,N
Roof Top Services LLC,YES,6120,3.7,8280,3.5,14400,3.4,54000,3.4,"Use the template ""TS Template""",4977,,Converts to $3.50/W,,No unique requirements,No Changes Needed,Y,N,N
Roof Works USA,YES,6120,3.7,8280,3.5,14400,3.4,54000,3.4,"DECOTECH ONLY - close this file and use the Decotech proposal tool - use the template ""DECOTECH Template""",4977,,Converts to $3.50/W,,No unique requirements,No Changes Needed,N,N,N
Roofcorp of Metro Denver Inc,YES,6120,4,8280,4,14400,4,54000,4,"Use the template ""TS Template""",5688,CO,Converts to $4.00/W,Kcool requested update to change pricing to $4/W on 4.5.22,No unique requirements,No Changes Needed,Y,N,N
Roofcorp of Metro Denver Inc,YES,6120,3.7,8280,3.5,14400,3.4,54000,3.4,"Use the template ""TS Template""",4977,CO,Converts to $3.50/W,,No unique requirements,No Changes Needed,Y,N,N
Roofing by Curry,YES,6120,3.7,8280,3.5,14400,3.4,54000,3.4,"Use the template ""TS Template""",4977,FL,Converts to $3.50/W,,FLORIDA Partner - ONLY USE TL SR Laminate Shingle v1b,FLORIDA Partner - ONLY USE TL SR Laminate Shingle v1b,Y,N,N
Roofing King Inc,YES,6120,3.7,8280,3.5,14400,3.4,54000,3.4,"DECOTECH ONLY - close this file and use the Decotech proposal tool - use the template ""DECOTECH Template""",4977,,Converts to $3.50/W,,No unique requirements,No Changes Needed,N,N,N
Roofsimple Inc,YES,6120,3.7,8280,3.5,14400,3.4,54000,3.4,"DECOTECH ONLY - close this file and use the Decotech proposal tool - use the template ""DECOTECH Template""",4977,,Converts to $3.50/W,,No unique requirements,No Changes Needed,N,N,N
Rooftech Systems Inc,YES,6120,3.7,8280,3.5,14400,3.4,54000,3.4,"DECOTECH ONLY - close this file and use the Decotech proposal tool - use the template ""DECOTECH Template""",4977,,Converts to $3.50/W,,No unique requirements,No Changes Needed,N,N,N
Roper Roofing & Solar,YES,6120,3.7,8280,3.5,14400,3.4,54000,3.4,"Use the template ""TS Template""",4977,CO,Converts to $3.50/W,,No unique requirements,No Changes Needed,Y,N,N
RRSA,YES,6120,3.75,8280,3.75,14400,3.75,54000,3.75,"Use the template ""TS Template""",5332.5,TX,Converts to $3.75/W,Troble requested default pricing to be adjusted to 3.75/W on 3.16.22,No unique requirements,No Changes Needed,Y,N,N
"RRSA, IA",YES,6120,3.75,8280,3.75,14400,3.75,54000,3.75,"Use the template ""TS Template""",5332.5,TX,Converts to $3.75/W,Troble requested default pricing to be adjusted to 3.75/W on 3.16.22,No unique requirements,No Changes Needed,Y,N,N
"RRSA, TX",YES,6120,3.75,8280,3.75,14400,3.75,54000,3.75,"Use the template ""TS Template""",5332.5,TX,Converts to $3.75/W,Troble requested default pricing to be adjusted to 3.75/W on 3.16.22,No unique requirements,No Changes Needed,Y,N,N
Saber Roofing,YES,6120,3.7,8280,3.5,14400,3.4,54000,3.4,"DECOTECH ONLY - close this file and use the Decotech proposal tool - use the template ""DECOTECH Template""",4977,,Converts to $3.50/W,,No unique requirements,No Changes Needed,N,N,N
Samba Energy,YES,6120,3.7,8280,3.5,14400,3.4,54000,3.4,"DECOTECH ONLY - close this file and use the Decotech proposal tool - use the template ""DECOTECH Template""",4977,,Converts to $3.50/W,,No unique requirements,No Changes Needed,N,N,N
San Diego County Roofing,YES,6120,3.75,8280,3.75,14400,3.75,54000,3.75,"DECOTECH ONLY - close this file and use the Decotech proposal tool - use the template ""DECOTECH Template""",5332.5,CA,Converts to $3.75/W,,No unique requirements,No Changes Needed,N,N,N
Schick Roofing,YES,6120,3.7,8280,3.5,14400,3.4,54000,3.4,"Use the template ""TS Template""",4977,FL,Converts to $3.50/W,,FLORIDA Partner - ONLY USE TL SR Laminate Shingle v1b,FLORIDA Partner - ONLY USE TL SR Laminate Shingle v1b,Y,N,N
SCM Roof,YES,6120,3.7,8280,3.5,14400,3.4,54000,3.4,"DECOTECH ONLY - close this file and use the Decotech proposal tool - use the template ""DECOTECH Template""",4977,,Converts to $3.50/W,,No unique requirements,No Changes Needed,N,N,N
SCM Roofing,YES,6120,3.7,8280,3.5,14400,3.4,54000,3.4,"DECOTECH ONLY - close this file and use the Decotech proposal tool - use the template ""DECOTECH Template""",4977,,Converts to $3.50/W,,No unique requirements,No Changes Needed,N,N,N
SCM Roofing LLC,YES,6120,3.7,8280,3.5,14400,3.4,54000,3.4,"DECOTECH ONLY - close this file and use the Decotech proposal tool - use the template ""DECOTECH Template""",4977,,Converts to $3.50/W,,No unique requirements,No Changes Needed,N,N,N
Semper Solaris,YES,6120,3.7,8280,3.5,14400,3.4,54000,3.4,"DECOTECH ONLY - close this file and use the Decotech proposal tool - use the template ""DECOTECH Template""",4977,,Converts to $3.50/W,,No unique requirements,No Changes Needed,N,N,N
Sequoia Roofing,YES,6120,3.75,8280,3.75,14400,3.75,54000,3.75,"Use the template ""TS Template""",5332.5,CA,Converts to $3.75/W,Troble requested update to change pricing to $3.75/W on 4/1/22,No unique requirements,No Changes Needed,Y,N,N
Serene Construction LLC,YES,6120,3.7,8280,3.5,14400,3.4,54000,3.4,"DECOTECH ONLY - close this file and use the Decotech proposal tool - use the template ""DECOTECH Template""",4977,,Converts to $3.50/W,,No unique requirements,No Changes Needed,N,N,N
Shadowfax Roofing and Solar Company,YES,6120,3.7,8280,3.5,14400,3.4,54000,3.4,"DECOTECH ONLY - close this file and use the Decotech proposal tool - use the template ""DECOTECH Template""",4977,,Converts to $3.50/W,,No unique requirements,No Changes Needed,N,N,N
"Shanco Companies, Inc",YES,6120,3.7,8280,3.5,14400,3.4,54000,3.4,"Use the template ""TS Template""",4977,MD,Converts to $3.50/W,,No unique requirements,No Changes Needed,Y,N,N
Sharpe Roofing,YES,6120,3.7,8280,3.5,14400,3.4,54000,3.4,"DECOTECH ONLY - close this file and use the Decotech proposal tool - use the template ""DECOTECH Template""",4977,,Converts to $3.50/W,,No unique requirements,No Changes Needed,N,N,N
Sheegog Contracting,YES,6120,3.7,8280,3.5,14400,3.4,54000,3.4,"DECOTECH ONLY - close this file and use the Decotech proposal tool - use the template ""DECOTECH Template""",4977,,Converts to $3.50/W,,No unique requirements,No Changes Needed,N,N,N
"Shine Solar, LLC",YES,6120,3.7,8280,3.5,14400,3.4,54000,3.4,"DECOTECH ONLY - close this file and use the Decotech proposal tool - use the template ""DECOTECH Template""",4977,,Converts to $3.50/W,,No unique requirements,No Changes Needed,N,N,N
Simmitri Inc,YES,6120,3.7,8280,3.5,14400,3.4,54000,3.4,"DECOTECH ONLY - close this file and use the Decotech proposal tool - use the template ""DECOTECH Template""",4977,CA,Converts to $3.50/W,,No unique requirements,No Changes Needed,N,N,N
Simmons Built,YES,6120,3.7,8280,3.5,14400,3.4,54000,3.4,"DECOTECH ONLY - close this file and use the Decotech proposal tool - use the template ""DECOTECH Template""",4977,,Converts to $3.50/W,,No unique requirements,No Changes Needed,N,N,N
Skyta Roofing and Construction,YES,6120,3.7,8280,3.5,14400,3.4,54000,3.4,"Use the template ""TS Template""",4977,HI,Converts to $3.50/W,,P+D Partner - Quote SKU's require additional data entry,P+D Partner - ADD - Design Services - REMOVE - Timberline Solar Services,Y,N,Y
SmartRoof,YES,6120,3.7,8280,3.5,14400,3.4,54000,3.4,"Use the template ""TS Template""",4977,VA,Converts to $3.50/W,,No unique requirements,No Changes Needed,Y,N,N
Smith and Ramirez Restoration,YES,6120,3.7,8280,3.5,14400,3.4,54000,3.4,"DECOTECH ONLY - close this file and use the Decotech proposal tool - use the template ""DECOTECH Template""",4977,TX,Converts to $3.50/W,,No unique requirements,No Changes Needed,N,N,N
SoCal Construction,YES,6120,3.5,8280,3.5,14400,3.5,54000,3.5,"DECOTECH ONLY - close this file and use the Decotech proposal tool - use the template ""DECOTECH Template""",4977,CA,Converts to $3.50/W,,No unique requirements,No Changes Needed,N,N,N
Solar Construction Price Discovery,YES,6120,3.7,8280,3.5,14400,3.4,54000,3.4,"DECOTECH ONLY - close this file and use the Decotech proposal tool - use the template ""DECOTECH Template""",4977,,Converts to $3.50/W,,No unique requirements,No Changes Needed,N,N,N
SolarTyme,YES,6120,3.7,8280,3.5,14400,3.4,54000,3.4,"DECOTECH ONLY - close this file and use the Decotech proposal tool - use the template ""DECOTECH Template""",4977,,Converts to $3.50/W,,No unique requirements,No Changes Needed,N,N,N
Source Solar,YES,6120,3.7,8280,3.5,14400,3.4,54000,3.4,"DECOTECH ONLY - close this file and use the Decotech proposal tool - use the template ""DECOTECH Template""",4977,FL,Converts to $3.50/W,,FLORIDA Partner - ONLY USE TL SR Laminate Shingle v1b,FLORIDA Partner - ONLY USE TL SR Laminate Shingle v1b,N,N,N
Source Solar - Florida,YES,6120,3.7,8280,3.5,14400,3.4,54000,3.4,"DECOTECH ONLY - close this file and use the Decotech proposal tool - use the template ""DECOTECH Template""",4977,FL,Converts to $3.50/W,,FLORIDA Partner - ONLY USE TL SR Laminate Shingle v1b,FLORIDA Partner - ONLY USE TL SR Laminate Shingle v1b,N,N,N
Southern Premier Roofing,YES,6120,0,8280,0,14400,0,54000,0,"Use the template ""TS Template""",0,NC,$0 value to be shown as of 2/9/22,,No unique requirements,No Changes Needed,Y,N,N
Southern Pro Restoration LLC,YES,6120,3.7,8280,3.5,14400,3.4,54000,3.4,"Use the template ""TS Template""",4977,FL,Converts to $3.50/W,,FLORIDA Partner - ONLY USE TL SR Laminate Shingle v1b,FLORIDA Partner - ONLY USE TL SR Laminate Shingle v1b,Y,N,N
Specialty Roofers Inc,YES,6120,3.7,8280,3.5,14400,3.4,54000,3.4,"DECOTECH ONLY - close this file and use the Decotech proposal tool - use the template ""DECOTECH Template""",4977,,Converts to $3.50/W,,No unique requirements,No Changes Needed,N,N,N
Spicer Bros Construction Inc,YES,6120,3.7,8280,3.5,14400,3.4,54000,3.4,"Use the template ""TS Template""",4977,MD,Converts to $3.50/W,,No unique requirements,No Changes Needed,Y,N,N
Steinmeyer Roofing Inc,YES,6120,3.7,8280,3.5,14400,3.4,54000,3.4,"DECOTECH ONLY - close this file and use the Decotech proposal tool - use the template ""DECOTECH Template""",4977,,Converts to $3.50/W,,No unique requirements,No Changes Needed,N,N,N
"Stonebridge Roofing, Waterproofing and Exteriors",YES,6120,3.7,8280,3.5,14400,3.4,54000,3.4,"DECOTECH ONLY - close this file and use the Decotech proposal tool - use the template ""DECOTECH Template""",4977,,Converts to $3.50/W,,No unique requirements,No Changes Needed,N,N,N
StormForce,YES,6120,3.7,8280,3.5,14400,3.4,54000,3.4,"DECOTECH ONLY - close this file and use the Decotech proposal tool - use the template ""DECOTECH Template""",4977,,Converts to $3.50/W,,No unique requirements,No Changes Needed,N,N,N
Stratus Roofing,YES,6120,3.7,8280,3.5,14400,3.4,54000,3.4,"Use the template ""TS Template""",4977,FL,Converts to $3.50/W,,FLORIDA Partner - ONLY USE TL SR Laminate Shingle v1b,FLORIDA Partner - ONLY USE TL SR Laminate Shingle v1b,Y,N,N
Sun Coast Roofing Services Inc (East Coast),YES,6120,3.7,8280,3.5,14400,3.4,54000,3.4,"DECOTECH ONLY - close this file and use the Decotech proposal tool - use the template ""DECOTECH Template""",4977,FL,Converts to $3.50/W,,FLORIDA Partner - ONLY USE TL SR Laminate Shingle v1b,FLORIDA Partner - ONLY USE TL SR Laminate Shingle v1b,N,N,N
Sun Coast Roofing Services Inc (West Coast),YES,6120,3.7,8280,3.5,14400,3.4,54000,3.4,"DECOTECH ONLY - close this file and use the Decotech proposal tool - use the template ""DECOTECH Template""",4977,FL,Converts to $3.50/W,,FLORIDA Partner - ONLY USE TL SR Laminate Shingle v1b,FLORIDA Partner - ONLY USE TL SR Laminate Shingle v1b,N,N,N
"Sundance Kitchen, Baths & Exteriors",YES,6120,3.7,8280,3.5,14400,3.4,54000,3.4,"Use the template ""TS Template""",4977,MD,Converts to $3.50/W,,No unique requirements,No Changes Needed,Y,N,N
Sunnova,YES,6120,3.7,8280,3.5,14400,3.4,54000,3.4,"DECOTECH ONLY - close this file and use the Decotech proposal tool - use the template ""DECOTECH Template""",4977,,Converts to $3.50/W,,No unique requirements,No Changes Needed,N,N,N
Suntuity,YES,6120,3.7,8280,3.5,14400,3.4,54000,3.4,"DECOTECH ONLY - close this file and use the Decotech proposal tool - use the template ""DECOTECH Template""",4977,,Converts to $3.50/W,,No unique requirements,No Changes Needed,N,N,N
Superior One Roofing,YES,6120,3.7,8280,3.5,14400,3.4,54000,3.4,"Use the template ""TS Template""",4977,FL,Converts to $3.50/W,,FLORIDA Partner - ONLY USE TL SR Laminate Shingle v1b - Bulk Partner - Quote SKU's require additional data entry,Bulk Partner - CHANGE - Energy Shingle Sales Price = $0 - ADD - Solar Flashings & Electronics (1 W) SKU - QTY = System size in W,Y,Y,N
Superior Siding & Roofing Inc,YES,6120,3.7,8280,3.5,14400,3.4,54000,3.4,"DECOTECH ONLY - close this file and use the Decotech proposal tool - use the template ""DECOTECH Template""",4977,,Converts to $3.50/W,,No unique requirements,No Changes Needed,N,N,N
Sutton's,YES,6120,3.7,8280,3.5,14400,3.4,54000,3.4,"DECOTECH ONLY - close this file and use the Decotech proposal tool - use the template ""DECOTECH Template""",4977,,Converts to $3.50/W,,No unique requirements,No Changes Needed,N,N,N
TC Backer Construction LLC,YES,6120,3.7,8280,3.5,14400,3.4,54000,3.4,"Use the template ""TS Template""",4977,MD,Converts to $3.50/W,,No unique requirements,No Changes Needed,Y,N,N
Texas Traditions Roofing,YES,6120,3.7,8280,3.5,14400,3.4,54000,3.4,"Use the template ""TS Template""",4977,TX,Converts to $3.50/W,,No unique requirements,No Changes Needed,Y,N,N
The Roof Masters,YES,6120,3.5,8280,3.5,14400,3.5,54000,3.5,"Use the template ""TS Template""",4977,CA,Converts to $3.50/W,Jkarsnia requested update to change pricing to $3.5/W on 2/17/22,No unique requirements,No Changes Needed,Y,N,N
Titan Contractors,YES,6120,3.5,8280,3.5,14400,3.5,54000,3.5,"Use the template ""TS Template""",4977,TX,Converts to $3.50/W,JKarsnia requested default pricing to be adjusted to 3.50/W on 2/18/22,No unique requirements,No Changes Needed,Y,N,N
Top Notch Roofing,YES,6120,3.7,8280,3.5,14400,3.4,54000,3.4,"DECOTECH ONLY - close this file and use the Decotech proposal tool - use the template ""DECOTECH Template""",4977,,Converts to $3.50/W,,No unique requirements,No Changes Needed,N,N,N
Treeium Inc,YES,6120,3.5,8280,3.5,14400,3.5,54000,3.5,"DECOTECH ONLY - close this file and use the Decotech proposal tool - use the template ""DECOTECH Template""",4977,CA,Converts to $3.50/W,,No unique requirements,No Changes Needed,N,N,N
Tribecca Roofing,YES,6120,3.7,8280,3.5,14400,3.4,54000,3.4,"DECOTECH ONLY - close this file and use the Decotech proposal tool - use the template ""DECOTECH Template""",4977,,Converts to $3.50/W,,No unique requirements,No Changes Needed,N,N,N
"Tristate General Construction, Inc.",YES,6120,3.7,8280,3.5,14400,3.4,54000,3.4,"DECOTECH ONLY - close this file and use the Decotech proposal tool - use the template ""DECOTECH Template""",4977,,Converts to $3.50/W,,No unique requirements,No Changes Needed,N,N,N
True Green Capital Management LLC,YES,6120,3.7,8280,3.5,14400,3.4,54000,3.4,"DECOTECH ONLY - close this file and use the Decotech proposal tool - use the template ""DECOTECH Template""",4977,,Converts to $3.50/W,,No unique requirements,No Changes Needed,N,N,N
Tunnell Roofing,YES,6120,3.7,8280,3.5,14400,3.4,54000,3.4,"DECOTECH ONLY - close this file and use the Decotech proposal tool - use the template ""DECOTECH Template""",4977,,Converts to $3.50/W,,No unique requirements,No Changes Needed,N,N,N
TWM Roofing,YES,6120,3.75,8280,3.75,14400,3.75,54000,3.75,"Use the template ""TS Template""",5332.5,CA,Converts to $3.75/W,Troble requested update to change pricing to $3.75/W on 4/1/22,No unique requirements,No Changes Needed,Y,N,N
Unicity / Ridge Pro Roofing LLC,YES,6120,3.7,8280,3.5,14400,3.4,54000,3.4,"DECOTECH ONLY - close this file and use the Decotech proposal tool - use the template ""DECOTECH Template""",4977,,Converts to $3.50/W,,No unique requirements,No Changes Needed,N,N,N
Urbach Roofing Inc,YES,6120,3.7,8280,3.5,14400,3.4,54000,3.4,"DECOTECH ONLY - close this file and use the Decotech proposal tool - use the template ""DECOTECH Template""",4977,CA,Converts to $3.50/W,,No unique requirements,No Changes Needed,N,N,N
US Power Savers,YES,6120,3.7,8280,3.5,14400,3.4,54000,3.4,"DECOTECH ONLY - close this file and use the Decotech proposal tool - use the template ""DECOTECH Template""",4977,,Converts to $3.50/W,,No unique requirements,No Changes Needed,N,N,N
Valor Roof and Solar,YES,6120,5.1,8280,5.1,14400,5.1,54000,5.1,"Use the template ""TS Template""",7252.2,CO,Converts to $5.10/W,Kcool requested update to change pricing across all tiers to $5.10/W on 2/2/22,No unique requirements,No Changes Needed,Y,N,N
Van Lund Construction,YES,6120,3.7,8280,3.5,14400,3.4,54000,3.4,"DECOTECH ONLY - close this file and use the Decotech proposal tool - use the template ""DECOTECH Template""",4977,,Converts to $3.50/W,,No unique requirements,No Changes Needed,N,N,N
Vandusen Exteriors,YES,6120,3.75,8280,3.75,14400,3.75,54000,3.75,"DECOTECH ONLY - close this file and use the Decotech proposal tool - use the template ""DECOTECH Template""",5332.5,,Converts to $3.75/W,,No unique requirements,No Changes Needed,N,N,N
Watertight Roofing Services LLC,YES,6120,3.7,8280,3.5,14400,3.4,54000,3.4,"Use the template ""TS Template""",4977,FL,Converts to $3.50/W,,FLORIDA Partner - ONLY USE TL SR Laminate Shingle v1b - Bulk Partner - Quote SKU's require additional data entry,Bulk Partner - CHANGE - Energy Shingle Sales Price = $0 - ADD - Solar Flashings & Electronics (1 W) SKU - QTY = System size in W,Y,Y,N
Weatherguard Roofing & Restoration,YES,6120,3.7,8280,3.5,14400,3.4,54000,3.4,"Use the template ""TS Template""",4977,NC,Converts to $3.50/W,Upcoming TS Roofer,Bulk Partner - Quote SKU's require additional data entry,Bulk Partner - CHANGE - Energy Shingle Sales Price = $0 - ADD - Solar Flashings & Electronics (1 W) SKU - QTY = System size in W,Y,Y,N
Wedge Roofing Inc,YES,4300,4,6120,4,8280,4,54000,4,"Use the template ""TS Template""",5688,CA,Converts to $4.20/W,Troble requested update to change pricint to $4/W on 3/23/22,No unique requirements,No Changes Needed,Y,N,N
Westshore Roofing Co,YES,6120,3.7,8280,3.7,14400,3.7,54000,3.7,"Use the template ""TS Template""",5261.4,CA,Converts to $3.70/W,Kcool requested update to change pricing across all tiers to $3.70/W on 11/3/21,No unique requirements,No Changes Needed,Y,N,N
"Westshore Roofing, Inc.",YES,6120,3.7,8280,3.7,14400,3.7,54000,3.7,"Use the template ""TS Template""",5261.4,CA,Converts to $3.70/W,Kcool requested update to change pricing across all tiers to $3.70/W on 11/3/21,No unique requirements,No Changes Needed,Y,N,N
Whitman Construction LLC,YES,6120,3.7,8280,3.5,14400,3.4,54000,3.4,"Use the template ""TS Template""",4977,NJ,Converts to $3.50/W,,P+D Partner - Quote SKU's require additional data entry,P+D Partner - ADD - Design Services - REMOVE - Timberline Solar Services,Y,N,Y
Wilson Roofing Co Inc,YES,6120,3.7,8280,3.5,14400,3.4,54000,3.4,"Use the template ""TS Template""",4977,TX,Converts to $3.50/W,,No unique requirements,No Changes Needed,Y,N,N
Wine Country Roofing Inc,YES,6120,3.7,8280,3.5,14400,3.4,54000,3.4,"Use the template ""TS Template""",4977,CA,Converts to $3.50/W,,No unique requirements,No Changes Needed,Y,N,N
Yorkshire Roofing,YES,6120,3.7,8280,3.5,14400,3.4,54000,3.4,"DECOTECH ONLY - close this file and use the Decotech proposal tool - use the template ""DECOTECH Template""",4977,,Converts to $3.50/W,,No unique requirements,No Changes Needed,N,N,N
